seed,selected_structure_shortcut_auc,delta_spearman_selected_n_visits,delta_spearman_used_images,delta_spearman_image_padding_count,delta_spearman_has_bio,delta_spearman_bio_missing_count,delta_spearman_report_length
0,0.32775011317338165,0.1743137997446749,0.1743137997446749,0.09394833819437323,,-0.019246494099275417,0.13903098104596756
42,0.32775011317338165,-0.4038872189936422,-0.4038872189936422,-0.09498418689481235,,-0.15717970181074922,-0.3341280855091106
3407,0.32775011317338165,-0.010829925429451446,-0.010829925429451446,0.05417802596842239,,-0.06575885483919101,-0.04433992260453686
