seed,classifier_weight_norm,classifier_bias,positive_mean_dot_product,negative_mean_dot_product,positive_mean_official_logit,negative_mean_official_logit,positive_negative_logit_gap,positive_centroid_norm,negative_centroid_norm,centroid_distance,classifier_centroid_direction_cosine
0,0.5809423830043151,-0.058885570615530014,1.3507699709337708,-1.5491105219764232,1.291884400318241,-1.6079960925919532,2.899880492910194,13.828293568535438,12.18429210888405,8.946814370001265,0.5579285841997963
42,0.5921728316849745,-0.009183465503156185,0.8798316117975091,-1.6301282672641098,0.8706481462943529,-1.639311732767266,2.509959879061619,14.344699906059182,13.40588240613459,6.814286431363415,0.6220107868442061
3407,0.5751824923250545,0.04077555984258652,0.8595022902110656,-1.5807659754572616,0.9002778500536525,-1.539990415614675,2.4402682656683274,14.280930027460647,13.880892460828301,8.86943824840297,0.4783390090620266
