row_type,n_rows,n_patients,mean_pred_prob,mean_first256_morphology_term_count,mean_first256_diffuse_ht_term_count,mean_full_report_morphology_term_count,mean_full_report_diffuse_ht_term_count,mean_latest_visit_morphology_term_count,mean_latest_visit_diffuse_ht_term_count,mean_full_report_negative_term_count,mean_positive_negative_overlap,mean_report_length_chars,mean_selected_n_visits,mean_cross_seed_pred_std
FN,49,23,0.3476794294024609,2.673469387755102,1.4489795918367347,3.510204081632653,1.4489795918367347,2.3877551020408165,1.4285714285714286,3.122448979591837,0.7755102040816326,858.7142857142857,2.5306122448979593,0.10115882666862128
TP,92,40,0.7369424299053524,2.9130434782608696,1.608695652173913,3.510869565217391,1.641304347826087,2.641304347826087,1.5869565217391304,3.1630434782608696,0.8586956521739131,667.4130434782609,2.239130434782609,0.10820592668583971
stable_fn,19,19,0.32574164534085676,2.736842105263158,1.4736842105263157,3.6315789473684212,1.4736842105263157,2.473684210526316,1.4736842105263157,3.1052631578947367,0.7894736842105263,887.6315789473684,2.5789473684210527,0.10134645063777856
stable_tp,28,28,0.6484646392720086,2.892857142857143,1.6071428571428572,3.4285714285714284,1.6428571428571428,2.607142857142857,1.5714285714285714,3.1785714285714284,0.8571428571428571,629.5714285714286,2.1785714285714284,0.10874976280364666
