hypothesis,n_positive_flagged,mean_pred_prob_positive_flagged,n_true_positive_flagged,n_false_negative_flagged,example_positive_patient_ids
latest_negative_suppresses_history,16,0.67703520723929,14,2,"10005340,10042173,10045442,10063399,10064351,10064537,10064626,10066912,10067220,10098069"
benign_nodule_without_latest_diffuse,5,0.6503812452157339,5,0,"10012205,10098069,10117252,10119735,10132330"
require_latest_diffuse_ht_like,4,0.6794309218724569,4,0,"10098069,10117252,10119735,10132330"
non_thyroid_morphology_only,0,,0,0,
positive_negative_overlap_review,35,0.7168525827782496,32,3,"10005340,10014141,10022640,10024132,10038097,10042173,10045442,10057459,10063399,10064351"
