seed,split,best_epoch,AUC,AUPRC,ACC,F1,Sensitivity,Specificity,Precision,Recall,Balanced_ACC,TN,FP,FN,TP,loss,cls_loss,positive_prob_mean,negative_prob_mean,pos_neg_gap,pred_prob_mean,pred_prob_std,text_morphology_loss,valid_text_morphology_count,mean_text_morphology_confidence,text_morphology_auc,text_morphology_acc,image_morphology_loss,valid_image_morphology_count,mean_image_morphology_confidence,image_morphology_auc,image_morphology_acc
0,val,16,0.8655500226346763,0.8614940382510322,0.7127659574468085,0.6493506493506493,0.5319148936170213,0.8936170212765957,0.8333333333333334,0.5319148936170213,0.7127659574468085,42,5,22,25,0.5322468982388576,0.5322468982388576,0.5180021523636706,0.2238480996816082,0.2941540526820624,0.3709251260226394,0.2383275161210884,0.0,0,0.0,0.0,0.0,0.0,0,0.0,0.0,0.0
42,val,17,0.8746038931643277,0.8578789281513747,0.8191489361702128,0.8210526315789474,0.8297872340425532,0.8085106382978723,0.8125,0.8297872340425532,0.8191489361702127,38,9,8,39,0.4529764531180262,0.4529764531180262,0.7104305995905653,0.306464783688809,0.4039658159017563,0.5084476916396872,0.3087171688801939,0.0,0,0.0,0.0,0.0,0.0,0,0.0,0.0,0.0
3407,val,15,0.8592123132639203,0.8517620303864883,0.723404255319149,0.6829268292682927,0.5957446808510638,0.851063829787234,0.8,0.5957446808510638,0.7234042553191489,40,7,19,28,0.5027079855402311,0.5027079855402311,0.5765671542588067,0.2408733403587594,0.3356938139000471,0.4087202473087831,0.270884537624616,0.0,0,0.0,0.0,0.0,0.0,0,0.0,0.0,0.0
