seed,selected_structure_shortcut_auc,raw_n_visits_orientation_invariant_label_auc,raw_n_images_orientation_invariant_label_auc,delta_spearman_selected_n_visits,delta_spearman_used_images,delta_spearman_image_padding_count,delta_spearman_has_bio,delta_spearman_bio_missing_count,delta_spearman_report_length,delta_spearman_raw_n_visits,delta_spearman_raw_n_images
0,0.32775011317338165,0.9769126301493889,0.9418288818469895,0.4050572109375441,0.4050572109375441,0.16739942786187517,,0.04651236073991559,0.3451317847313218,-0.21998431305316782,-0.16619118643755174
42,0.32775011317338165,0.9769126301493889,0.9418288818469895,-0.41444714628219315,-0.41444714628219315,-0.1556284199023396,,-0.14755645476111154,-0.32360123733658164,-0.14272274178322406,-0.16122895993499853
3407,0.32775011317338165,0.9769126301493889,0.9418288818469895,0.04792467000983016,0.04792467000983016,0.05973394172532317,,-0.08179759992192052,0.014002080822485325,0.17938938176593552,0.10224646007811944
