seed,mixed_class_batches,single_class_batches,mixed_class_batch_fraction,pair_count
0,2249,318,0.8761199844176081,7653
42,1180,179,0.8682855040470935,4039
3407,1178,181,0.8668138337012509,4007
